<?xml version="1.0" encoding="UTF-8" ?>
<document>
<!--The data in this file is primarily intended for consumption by Xilinx tools.
The structure and the elements are likely to change over the next few releases.
This means code written to parse this file will need to be revisited each subsequent release.-->
<application name="pn" timeStamp="Wed Sep 14 15:40:55 2022">
<section name="Project Information" visible="false">
<property name="ProjectID" value="844F811DA927D537DA46A898DEA25984" type="project"/>
<property name="ProjectIteration" value="0" type="project"/>
<property name="ProjectFile" value="/home/pranav/KGP/5th Sem/COA LAB/COA-Laboratory-CS39001/assignment-5/Verilog_Asgn_2_Grp_55/Verilog_Asgn_2_Grp_55.xise" type="project"/>
<property name="ProjectCreationTimestamp" value="2022-09-14T12:23:22" type="project"/>
</section>
<section name="Project Statistics" visible="true">
<property name="PROP_Enable_Message_Filtering" value="false" type="design"/>
<property name="PROP_LastAppliedGoal" value="Balanced" type="design"/>
<property name="PROP_LastAppliedStrategy" value="Xilinx Default (unlocked)" type="design"/>
<property name="PROP_ManualCompileOrderImp" value="false" type="design"/>
<property name="PROP_PropSpecInProjFile" value="Store all values" type="design"/>
<property name="PROP_SelectedInstanceHierarchicalPath" value="/counter_4_bit_structural_tb" type="process"/>
<property name="PROP_Simulator" value="ISim (VHDL/Verilog)" type="design"/>
<property name="PROP_SynthTopFile" value="changed" type="process"/>
<property name="PROP_Top_Level_Module_Type" value="HDL" type="design"/>
<property name="PROP_UseSmartGuide" value="false" type="design"/>
<property name="PROP_intProjectCreationTimestamp" value="2022-09-14T12:23:22" type="design"/>
<property name="PROP_intWbtProjectID" value="844F811DA927D537DA46A898DEA25984" type="design"/>
<property name="PROP_intWorkingDirLocWRTProjDir" value="Same" type="design"/>
<property name="PROP_intWorkingDirUsed" value="No" type="design"/>
<property name="PROP_selectedSimRootSourceNode_behav" value="work.counter_4_bit_structural_tb" type="process"/>
<property name="PROP_AutoTop" value="false" type="design"/>
<property name="PROP_DevFamily" value="Artix7" type="design"/>
<property name="PROP_DevDevice" value="xc7a100t" type="design"/>
<property name="PROP_DevFamilyPMName" value="artix7" type="design"/>
<property name="PROP_DevPackage" value="csg324" type="design"/>
<property name="PROP_Synthesis_Tool" value="XST (VHDL/Verilog)" type="design"/>
<property name="PROP_DevSpeed" value="-1" type="design"/>
<property name="PROP_PreferredLanguage" value="Verilog" type="design"/>
<property name="FILE_VERILOG" value="8" type="source"/>
</section>
</application>
</document>
